{ "PointControle": [
        [0.0, 3.5, 125.0, 1.0, 1.0, 1.0, 0.0, "4e6c5dd3-36ee-443f-97e8-ace9c7da6ba4"],
        [60.0, 3.5, 125.0, 1.0, 1.0, 1.0, 0.0, "e019d84f-5593-4bb1-8b77-8b84931842b9"],
        [60.0, 3.5, 0.0, 1.0, 1.0, 1.0, 0.0, "a7d7925d-4981-4de1-96d4-962bfd7b51e7"],
        [60.0, 3.5, -125.0, 1.0, 1.0, 1.0, 0.0, "41c75c37-57bb-4aec-8a3f-6ef1dca37fde"],
        [0.0, 3.5, -125.0, 1.0, 1.0, 1.0, 0.0, "ae4d2822-0b47-44d3-9f83-b265eb9f6fda"],
        [-60.0, 3.5, -125.0, 1.0, 1.0, 1.0, 0.0, "7d59443b-51cf-47ac-8250-74facaa8942a"],
        [-60.0, 3.5, 0.0, 1.0, 1.0, 1.0, 0.0, "89bda54f-39f8-4bc7-8dfb-27a476164bb7"],
        [-60.0, 3.5, 125.0, 1.0, 1.0, 1.0, 0.0, "dd23bdc2-c092-4ab9-9429-1081dbd4e68e"]
    ], "Accelerateur": [], "Muret": [], "Portail": [
        [29.0, 0.0, -69.0, 1.0, 1.0, 1.0, 0.0, "1a70c2a1-1af1-4ba7-8c0d-2d2ee8b49898"],
        [-4.200000286102295, 0.0, -70.5999984741211, 1.0, 1.0, 1.0, 0.0, "1a70c2a1-1af1-4ba7-8c0d-2d2ee8b49898"]
    ], "Coefficients": [1.0, 0.0, 40.0] }