{"PointControle":[[0.0,10.0,186.96188354492188,1.0,1.0,1.0,0.0],[102.62220001220703,10.0,126.72210693359375,1.0,1.0,1.0,0.0],[103.6070327758789,10.0,0.0,1.0,1.0,1.0,0.0],[102.62220001220703,10.0,-126.72210693359375,1.0,1.0,1.0,0.0],[0.0,10.0,-186.96188354492188,1.0,1.0,1.0,0.0],[-103.48323822021485,10.0,-140.0684356689453,1.0,1.0,1.0,0.0],[-103.6070327758789,10.0,0.0,1.0,1.0,1.0,0.0],[-103.48323822021485,10.0,140.0684356689453,1.0,1.0,1.0,0.0]],"Accelerateur":[[38.20000076293945,0.0,-122.79999542236328,1.0,1.0,1.0,0.0],[34.20000076293945,0.0,-48.39999771118164,1.0,1.0,1.0,0.0],[-28.600000381469728,0.0,-124.79999542236328,1.0,1.0,1.0,0.0],[-28.19999885559082,0.0,-48.0,1.0,1.0,1.0,0.0],[33.79999923706055,0.0,63.19999694824219,1.0,1.0,1.0,0.0],[35.79999923706055,0.0,129.1999969482422,1.0,1.0,1.0,0.0],[-31.0,0.0,58.39999771118164,1.0,1.0,1.0,0.0],[-34.20000076293945,0.0,130.0,1.0,1.0,1.0,0.0]],"Muret":[[85.76553344726563,0.0,-17.684467315673829,1.0,1.0,28.431230545043947,-1.0121971368789673],[87.27238464355469,0.0,-96.04075622558594,1.0,1.0,44.480140686035159,-0.45066148042678835],[71.98857879638672,0.0,-77.7432632446289,1.0,1.0,15.522951126098633,-1.5152981281280518],[59.7184944152832,0.0,-53.2031135559082,1.0,1.0,52.11537551879883,-0.22494103014469148],[41.851539611816409,0.0,-14.455497741699219,1.0,1.0,44.10770797729492,-0.6747410297393799],[84.04341125488281,0.0,-8.858617782592774,1.0,1.0,14.200936317443848,1.3258177042007447],[90.93189239501953,0.0,0.6130262613296509,1.0,1.0,14.637990951538086,0.0],[83.39761352539063,0.0,7.501492977142334,1.0,1.0,20.05082893371582,-1.3101938962936402],[87.27238464355469,0.0,13.959427833557129,1.0,1.0,26.006956100463868,1.2333403825759888],[97.38915252685547,0.0,-69.98998260498047,1.0,1.0,95.58000183105469,0.0],[96.09819793701172,0.0,63.901092529296878,1.0,1.0,95.58000183105469,0.0],[94.16085815429688,0.0,-8.428089141845704,1.0,1.0,9.902168273925782,1.5707963705062867],[95.66770935058594,0.0,4.272522449493408,1.0,1.0,6.901906967163086,1.5083775520324708],[85.98080444335938,0.0,89.94784545898438,1.0,1.0,42.572349548339847,-2.6462814807891847],[70.69698333740235,0.0,72.29615020751953,1.0,1.0,13.783658981323243,-1.6020359992980958],[61.010074615478519,0.0,48.401771545410159,1.0,1.0,49.8094482421875,-2.888228416442871],[42.28207015991211,0.0,12.667840957641602,1.0,1.0,34.1179084777832,-2.320495367050171],[-68.25979614257813,0.0,-88.15412139892578,1.0,1.0,69.32723236083985,-1.5894277095794678],[-45.441707611083987,0.0,-72.8703384399414,1.0,1.0,35.04253387451172,-0.7419471740722656],[-60.51021194458008,0.0,-73.30086517333985,1.0,1.0,26.403053283691408,0.4198800325393677],[-73.64142608642578,0.0,-73.73139190673828,1.0,1.0,27.459522247314454,-0.7188299894332886],[-90.86266326904297,0.0,-78.03668975830078,1.0,1.0,29.250646591186525,-2.314551591873169],[-71.27351379394531,0.0,-56.72560501098633,1.0,1.0,63.45304489135742,1.2318800687789918],[-70.41244506835938,0.0,-41.872406005859378,1.0,1.0,59.7381477355957,-1.411571741104126],[-73.64143371582031,0.0,-50.052467346191409,1.0,1.0,14.66329574584961,-0.058756619691848758],[-68.41555786132813,0.0,-31.57159996032715,1.0,1.0,60.71072006225586,-1.5566128492355347],[-40.86167526245117,0.0,-24.467811584472658,1.0,1.0,40.22626876831055,-0.09647388011217118],[-72.71166229248047,0.0,11.380764961242676,1.0,1.0,59.437984466552737,-1.5997737646102906],[-43.0051155090332,0.0,21.713464736938478,1.0,1.0,40.47889709472656,-0.02127288281917572],[-70.98954010009766,0.0,29.032459259033204,1.0,1.0,59.456687927246097,1.3961241245269776],[-71.4200668334961,0.0,43.67045211791992,1.0,1.0,56.80375289916992,-1.3258177042007447],[-74.43379211425781,0.0,36.136192321777347,1.0,1.0,14.233529090881348,-0.06053248420357704],[-71.63533782958985,0.0,51.85050582885742,1.0,1.0,54.683990478515628,-1.5550495386123658],[-52.90727615356445,0.0,63.04426574707031,1.0,1.0,30.137041091918947,-0.6435012817382813],[-66.89949035644531,0.0,63.25952911376953,1.0,1.0,21.414226531982423,-2.6149652004241945],[-78.30857849121094,0.0,65.84271240234375,1.0,1.0,20.45353126525879,-0.5295893549919128],[-88.8565673828125,0.0,61.32215118408203,1.0,1.0,24.205541610717775,-2.4696295261383058],[-71.85060119628906,0.0,77.03646850585938,1.0,1.0,51.75132751464844,-1.5125290155410767],[-95.9603271484375,0.0,89.30654907226563,1.0,1.0,23.26451301574707,0.03701821342110634],[-72.06586456298828,0.0,99.63925170898438,1.0,1.0,48.83992385864258,-1.4825307130813599],[-93.80765533447266,0.0,112.33985900878906,1.0,1.0,17.839706420898439,0.14531001448631288],[-70.55901336669922,0.0,109.54141998291016,1.0,1.0,16.45049476623535,0.10487682372331619],[-47.09513854980469,0.0,108.24983215332031,1.0,1.0,18.128292083740236,-0.07130751013755799]],"Portail":[[-63.41958236694336,0.0,-132.3343963623047,1.0,1.0,1.0,0.0],[-66.39906311035156,0.0,135.81858825683595,1.0,1.0,1.0,0.0],[72.4446029663086,0.0,106.61970520019531,1.0,1.0,1.0,0.0],[67.08154296875,0.0,-119.82059478759766,1.0,1.0,1.0,0.0]],"Coefficients":[0.4000000059604645,0.0,40.0]}