{"PointControle":[[0.0,3.5,125.0,1.0,1.0,1.0,0.0,"74fee350-3763-48e4-8356-892217205c7b"],[60.0,3.5,125.0,1.0,1.0,1.0,0.0,"f5ddfe7c-661d-4893-b30b-97ea520162ee"],[60.0,3.5,0.0,1.0,1.0,1.0,0.0,"c5316dd4-162e-4dc2-bce0-fffd5136e69d"],[60.0,3.5,-125.0,1.0,1.0,1.0,0.0,"028b0ba5-e2d6-4275-a97a-a2469dead9cd"],[0.0,3.5,-125.0,1.0,1.0,1.0,0.0,"512f689c-6633-4de3-b07c-f30a4a76a1b4"],[-60.0,3.5,-125.0,1.0,1.0,1.0,0.0,"0d060d6e-73c4-496e-b934-65f0f8e7dc79"],[-60.0,3.5,0.0,1.0,1.0,1.0,0.0,"8eeb6f8d-c7b3-4fa2-adda-71ec229ddf0a"],[-60.0,3.5,125.0,1.0,1.0,1.0,0.0,"713f49b4-6eb1-4b10-9bdb-2409b896147c"]],"Accelerateur":[],"Muret":[],"Portail":[[11.800000190734864,0.0,-65.5999984741211,1.0,1.0,1.0,0.0,"2e912382-6aae-4226-93a0-7ae606a8427c"],[6.599999904632568,0.0,57.19999694824219,1.0,1.0,1.0,0.0,"f202d24d-d3ba-46c5-9b70-f89ef587c78c"]],"Coefficients":[1.0,0.0,40.0]}