{"PointControle":[[0.0,10.0,125.8864974975586,1.0,1.0,1.0,0.0],[126.68693542480469,10.0,212.6820068359375,1.0,1.0,1.0,0.0],[92.35729217529297,10.0,0.0,1.0,1.0,1.0,0.0],[126.68693542480469,10.0,-212.6820068359375,1.0,1.0,1.0,0.0],[0.0,10.0,-125.8864974975586,1.0,1.0,1.0,0.0],[-125.60102844238281,10.0,-212.32012939453126,1.0,1.0,1.0,0.0],[-92.35729217529297,10.0,0.0,1.0,1.0,1.0,0.0],[-125.60102844238281,10.0,212.32012939453126,1.0,1.0,1.0,0.0]],"Accelerateur":[[31.0,0.0,-126.79999542236328,1.0,1.0,1.0,0.0],[90.19999694824219,0.0,-81.5999984741211,1.0,1.0,1.0,0.0],[98.19999694824219,0.0,101.5999984741211,1.0,1.0,1.0,0.0],[47.0,0.0,144.79998779296876,1.0,1.0,1.0,0.0],[-55.0,0.0,150.0,1.0,1.0,1.0,0.0],[-101.79999542236328,0.0,119.99999237060547,1.0,1.0,1.0,0.0],[-94.19999694824219,0.0,-84.39999389648438,1.0,1.0,1.0,0.0],[-36.20000076293945,0.0,-134.39999389648438,1.0,1.0,1.0,0.0],[-0.6000000238418579,0.0,-97.5999984741211,1.0,1.0,1.0,0.0],[0.6000000238418579,0.0,94.39999389648438,1.0,1.0,1.0,0.0],[81.80000305175781,0.0,15.199999809265137,1.0,1.0,1.0,0.0],[83.0,0.0,-18.799999237060548,1.0,1.0,1.0,0.0],[-83.4000015258789,0.0,-18.0,1.0,1.0,1.0,0.0],[-84.5999984741211,0.0,16.799999237060548,1.0,1.0,1.0,0.0],[-65.0,0.0,0.3999999761581421,1.0,1.0,1.0,0.0],[64.19999694824219,0.0,0.0,1.0,1.0,1.0,0.0]],"Muret":[[59.19821548461914,0.0,-100.96479034423828,1.0,1.0,38.38910675048828,-2.200441598892212],[-66.65220642089844,0.0,-107.81365966796875,1.0,1.0,39.73455810546875,-0.8960553407669067],[71.63633728027344,0.0,120.19480895996094,1.0,1.0,40.82229995727539,-0.8468590974807739],[-79.6523208618164,0.0,133.20057678222657,1.0,1.0,30.613128662109376,-2.170846700668335]],"Portail":[[-91.79999542236328,0.0,-150.39999389648438,1.0,1.0,1.0,0.0],[95.0,0.0,157.1999969482422,1.0,1.0,1.0,0.0],[-94.5999984741211,0.0,165.1999969482422,1.0,1.0,1.0,0.0],[89.0,0.0,-149.1999969482422,1.0,1.0,1.0,0.0],[81.0,0.0,-0.7999999523162842,1.0,1.0,1.0,0.0],[-83.0,0.0,-0.3999999761581421,1.0,1.0,1.0,0.0]],"Coefficients":[0.4000000059604645,0.0,40.0]}