{"PointControle":[[0.0,3.5,125.0,1.0,1.0,1.0,0.0,"10703014-0a50-434d-803a-08cbba0a5a76"],[60.0,3.5,125.0,1.0,1.0,1.0,0.0,"a53cac4c-d0f3-4f38-960f-68789173a476"],[60.0,3.5,0.0,1.0,1.0,1.0,0.0,"b26fdc4c-d10f-4c60-ab78-0621dbdaf66c"],[60.0,3.5,-125.0,1.0,1.0,1.0,0.0,"698cc460-97fa-43fd-b2b5-fd4cf6f58b17"],[0.0,3.5,-125.0,1.0,1.0,1.0,0.0,"a0fd9d1e-88d7-493b-ab33-bb2bfd2dad53"],[-60.0,3.5,-125.0,1.0,1.0,1.0,0.0,"3899121f-c6ab-43b8-af26-72b9d894c916"],[-60.0,3.5,0.0,1.0,1.0,1.0,0.0,"da48aa7f-6223-4e4b-a93a-09ced4c23e0e"],[-60.0,3.5,125.0,1.0,1.0,1.0,0.0,"f870db59-ca2b-4afa-ba71-f993b16b993a"]],"Accelerateur":[],"Muret":[[5.600033283233643,0.0,4.8000030517578129,1.0,1.0,168.93692016601563,0.04026298224925995,"5c0122db-a38a-4674-a417-2386ed66ce35"]],"Portail":[],"Coefficients":[1.0,0.0,40.0]}