{ "PointControle": [
        [0.0, 3.5, 125.0, 1.0, 1.0, 1.0, 0.0, "115f6f31-681a-4a6a-90ef-84e1e85d45a7"],
        [60.0, 3.5, 125.0, 1.0, 1.0, 1.0, 0.0, "efdbd475-712f-4380-9037-a93d9fcf5007"],
        [60.0, 3.5, 0.0, 1.0, 1.0, 1.0, 0.0, "ad56ef3b-f069-4895-a285-2bce92674050"],
        [60.0, 3.5, -125.0, 1.0, 1.0, 1.0, 0.0, "ad13c8e3-d298-4349-b056-6b42a9afdcf8"],
        [0.0, 3.5, -125.0, 1.0, 1.0, 1.0, 0.0, "154c7208-b70f-4177-ac3a-78509ee8dbb1"],
        [-60.0, 3.5, -125.0, 1.0, 1.0, 1.0, 0.0, "423f6dc1-af9c-4958-9aeb-a2af8ef6ef44"],
        [-60.0, 3.5, 0.0, 1.0, 1.0, 1.0, 0.0, "6eed6453-4585-4c93-9e79-39f61fb83eb9"],
        [-60.0, 3.5, 125.0, 1.0, 1.0, 1.0, 0.0, "43784885-20dd-4b06-a101-5f6f71a08405"]
    ], "Accelerateur": [], "Muret": [], "Portail": [
        [27.799999237060548, 0.0, -89.19999694824219, 1.0, 1.0, 1.0, 0.0, "05644c99-bc7f-4301-a86f-8353e6e6f577"],
        [-21.0, 0.0, -84.0, 1.0, 1.0, 1.0, 0.0, "57b9b068-f60a-4f3b-8827-f0581a22f148"]
    ], "Coefficients": [1.0, 0.0, 40.0] }