{"PointControle":[[0.0,3.5,125.0,1.0,1.0,1.0,0.0,"46c2b8fd-b4a0-45ec-b9ed-c932a39e569a"],[60.0,3.5,125.0,1.0,1.0,1.0,0.0,"c70a8802-b428-4d1b-80c0-c9714d06c927"],[60.0,3.5,0.0,1.0,1.0,1.0,0.0,"ed4de279-5b85-4a94-b461-b3ec7be5d780"],[60.0,3.5,-125.0,1.0,1.0,1.0,0.0,"1c6813bf-79e6-4404-add2-adf5cb8a1af0"],[0.0,3.5,-125.0,1.0,1.0,1.0,0.0,"7fb16da9-3bef-4064-bc6a-a910ff83afe1"],[-60.0,3.5,-125.0,1.0,1.0,1.0,0.0,"91015c48-6d37-499f-b4f1-479acf676e8b"],[-60.0,3.5,0.0,1.0,1.0,1.0,0.0,"c568ec7a-d1b8-484a-8a32-c71684d69096"],[-60.0,3.5,125.0,1.0,1.0,1.0,0.0,"1a205437-f864-4bbc-88ef-bb41f1baba31"]],"Accelerateur":[[0.19999998807907105,0.0,-38.20000076293945,1.0,1.0,1.0,0.0,"3afb7c22-5802-48f5-92eb-0499409c2224"],[0.19999998807907105,0.0,17.399999618530275,1.0,1.0,1.0,0.0,"c42a4219-5fce-49fb-a33f-c57a53ef2701"],[0.19999998807907105,0.0,66.19999694824219,1.0,1.0,1.0,0.0,"b4029bf1-f41e-460c-9275-2197ced1e298"]],"Muret":[[26.21284294128418,0.009999999776482582,-50.20000457763672,1.0,1.0,74.4000015258789,0.0003452669770922512,"a78ec45b-79fc-46c1-9545-bc2b4cc2371b"],[-30.0,0.009999999776482582,-36.79999923706055,1.0,1.0,44.271888732910159,-0.6055446863174439,"88f5a74c-52bc-4fd8-b334-3aa110efd8ef"],[-29.599998474121095,0.009999999776482582,74.4000015258789,1.0,1.0,37.96841049194336,0.8450289368629456,"8a04d2e9-30d5-48c9-8935-174a73bc778e"],[30.799997329711915,0.009999999776482582,39.20000076293945,1.0,1.0,41.54227066040039,-0.6762447357177734,"2c760c4b-932c-431d-936e-3c4ef5a6fc34"]],"Portail":[[-39.79999923706055,0.0,-96.5999984741211,1.0,1.0,1.0,0.0,"f44496ec-d8dc-4740-8944-cb52982b0040"],[42.19999694824219,0.0,101.4000015258789,1.0,1.0,1.0,0.0,"0157142e-398e-4a02-8774-79c09c7d0cf1"]],"Coefficients":[1.0,0.0,40.0]}