{
    "PointControle": [
        [
            0.0,
            3.5,
            125.0,
            1.0,
            1.0,
            1.0,
            0.0,
            "e6a88d64-cd56-4f70-939a-eefce20fabd7"
        ],
        [
            60.0,
            3.5,
            125.0,
            1.0,
            1.0,
            1.0,
            0.0,
            "4bcde56f-eb64-4822-80b0-d98ffac4c2b8"
        ],
        [
            60.0,
            3.5,
            0.0,
            1.0,
            1.0,
            1.0,
            0.0,
            "b0dcb098-3cbf-43d5-81d8-75f6ba2fb029"
        ],
        [
            60.0,
            3.5,
            -125.0,
            1.0,
            1.0,
            1.0,
            0.0,
            "4cefe351-9a36-4578-99cc-7c6655e15a47"
        ],
        [
            0.0,
            3.5,
            -125.0,
            1.0,
            1.0,
            1.0,
            0.0,
            "e1e53446-6ca0-467b-87e0-c4e8f340ab50"
        ],
        [
            -60.0,
            3.5,
            -125.0,
            1.0,
            1.0,
            1.0,
            0.0,
            "edf729d4-c1e7-4c82-9f73-c0c1c8c2e6ed"
        ],
        [
            -60.0,
            3.5,
            0.0,
            1.0,
            1.0,
            1.0,
            0.0,
            "345c033b-454e-4eef-acef-35da8ba61c88"
        ],
        [
            -60.0,
            3.5,
            125.0,
            1.0,
            1.0,
            1.0,
            0.0,
            "fb8d38dd-14a3-45a7-9105-fb541274a4bc"
        ]
    ],
    "Accelerateur": [
        [
            28.6026554107666,
            0.0,
            -60.40203094482422,
            1.0,
            1.0,
            1.0,
            0.0,
            "625cfd40-cabf-42b0-8954-822a26e90361"
        ]
    ],
    "Muret": [
        [
            10.225346565246582,
            0.0,
            50.791481018066409,
            1.0,
            1.0,
            62.365966796875,
            0.659628689289093,
            "99d4a55e-0063-40f9-a14b-85ec4f7caa40"
        ]
    ],
    "Portail": [],
    "Coefficients": [
        1.0,
        0.0,
        40.0
    ]
}