{"PointControle":[[0.0,3.5,125.0,1.0,1.0,1.0,0.0,"cbae8baf-aafb-4189-95eb-3b228fa98794"],[60.0,3.5,125.0,1.0,1.0,1.0,0.0,"de3492af-27c7-47d5-9c5b-beab044670fd"],[60.0,3.5,0.0,1.0,1.0,1.0,0.0,"8270affe-b7d6-48d8-84e4-5203bbf21583"],[60.0,3.5,-125.0,1.0,1.0,1.0,0.0,"e2e2ffe9-5139-4a86-894a-2fe29059fe8b"],[0.0,3.5,-125.0,1.0,1.0,1.0,0.0,"b94e0ad7-4198-40a5-98cc-cc8d952ee151"],[-60.0,3.5,-125.0,1.0,1.0,1.0,0.0,"4c9c44f3-a7db-4126-a978-65c185d56feb"],[-60.0,3.5,0.0,1.0,1.0,1.0,0.0,"f2e8bd81-b99a-4285-bbf3-54a9dce2d6e4"],[-60.0,3.5,125.0,1.0,1.0,1.0,0.0,"f9d287f1-70bc-4521-9201-6a68730ca63f"]],"Accelerateur":[[30.599998474121095,0.0,83.5999984741211,1.0,1.0,1.0,0.0,"c5a97abc-79cc-479a-869d-b8a92a5695e8"],[-43.0,0.0,-92.80000305175781,1.0,1.0,1.0,0.0,"e67eecfe-ca18-4690-a088-dc94a17932fe"]],"Muret":[],"Portail":[[36.599998474121097,0.0,-56.79999923706055,1.0,1.0,1.0,0.0,"47c21537-d0a2-4ff3-a7bf-8042d12a415c"],[-39.0,0.0,28.399999618530275,1.0,1.0,1.0,0.0,"5a089518-3d40-4dc2-bbe6-9daf77ac484c"]],"Coefficients":[1.0,0.0,40.0]}