{"PointControle":[[0.0,3.5,125.0,1.0,1.0,1.0,0.0,"9e4062ee-273e-45b6-8b87-04314512fa4f"],[60.0,3.5,125.0,1.0,1.0,1.0,0.0,"d3ee53ee-48f6-4006-8255-75bc399a90d8"],[60.0,3.5,0.0,1.0,1.0,1.0,0.0,"2068978b-f485-462a-a89f-688d36d127dc"],[60.0,3.5,-125.0,1.0,1.0,1.0,0.0,"ef5db975-5a9d-420e-be83-7619a4284617"],[0.0,3.5,-125.0,1.0,1.0,1.0,0.0,"141c462e-c076-4256-bc51-950621344051"],[-60.0,3.5,-125.0,1.0,1.0,1.0,0.0,"4d4c6d0f-901f-4cae-9154-3ad5afc7b507"],[-60.0,3.5,0.0,1.0,1.0,1.0,0.0,"5b201740-d820-4f82-b9b1-bec7a3d8b2f3"],[-60.0,3.5,125.0,1.0,1.0,1.0,0.0,"05b26b01-46ed-4777-8cbe-491b41877b98"]],"Accelerateur":[[25.0,0.0,-37.0,1.0,1.0,1.0,0.0,"90440aea-eae7-40d3-99ca-2bf49b07c669"],[22.19999885559082,0.0,49.0,1.0,1.0,1.0,0.0,"cc58d049-80eb-4129-95e3-d30e0e13d7c6"],[-0.5999999642372131,0.0,-8.199999809265137,1.0,1.0,1.0,0.0,"7add7a7f-3374-4e07-ba49-1f16f49b6f75"],[-4.199999809265137,0.0,-13.0,1.0,1.0,1.0,0.0,"a5d438ee-13d7-4b44-b230-39e7a8bd9233"],[-11.399999618530274,0.0,-15.40000057220459,1.0,1.0,1.0,0.0,"701c2522-3ffa-423f-9584-41471e4f9a4c"],[-17.799999237060548,0.0,-12.199999809265137,1.0,1.0,1.0,0.0,"a82d255c-8668-411b-977f-38b0172560cb"],[-21.0,0.0,-6.199999809265137,1.0,1.0,1.0,0.0,"cd185ce7-cc5a-43a1-8527-a8474ee0dddc"],[-21.799999237060548,0.0,-0.6000000238418579,1.0,1.0,1.0,0.0,"e85cbac1-3203-4622-95da-3668711e04ec"],[-21.0,0.0,5.0,1.0,1.0,1.0,0.0,"842da68e-767a-43e4-8240-6be3e87ba2b3"],[-15.399999618530274,0.0,8.600000381469727,1.0,1.0,1.0,0.0,"53b5d742-5e9d-4791-985f-db3cd8b06283"],[-10.59999942779541,0.0,11.0,1.0,1.0,1.0,0.0,"35defd8b-c7ea-4938-8b89-59483198c1f3"],[-4.599999904632568,0.0,10.199999809265137,1.0,1.0,1.0,0.0,"db986db5-eb9f-49a3-89a5-95cc078b0987"],[0.5999999642372131,0.0,4.199999809265137,1.0,1.0,1.0,0.0,"ce762931-5faf-4b56-a1bd-a27b76d9c3fb"],[1.399999976158142,0.0,-0.20000000298023225,1.0,1.0,1.0,0.0,"7fe500bf-4da3-42de-8094-045af70634a9"],[-10.59999942779541,0.0,-3.4000000953674318,1.0,1.0,1.0,0.0,"485ebe6a-328c-48b3-bcbd-c67439b1557e"]],"Muret":[[-39.5999755859375,0.009999999776482582,15.599994659423829,1.0,1.0,124.12767791748047,0.21762077510356904,"07826d95-cabc-45a9-b78f-6ae020b9c1ea"],[43.60000228881836,0.009999999776482582,-29.40000343322754,1.0,1.0,63.292335510253909,-0.3957633674144745,"266c320f-f33b-4389-be6b-7b74c72416a8"],[47.0,0.009999999776482582,52.80000305175781,1.0,1.0,60.400001525878909,0.0,"942b97f4-7b06-4f59-b90e-682d4c8da9de"]],"Portail":[[25.0,0.0,-37.0,1.0,1.0,1.0,0.0,"0c6806b3-aba1-4511-93bd-0fee860cbd2e"],[23.0,0.0,49.400001525878909,1.0,1.0,1.0,0.0,"ab16f3a6-835a-4187-8e47-c769beaf1f68"]],"Coefficients":[1.0,0.0,40.0]}